paymenthacks.com				 Malicious				 This Domains Detected by   13  Solutions
http://paymenthacks.com/?				 Malicious				 This Domains Detected by   11  Solutions
http://survey-smiles.com/				 Malicious				 This Domains Detected by   7  Solutions
mojobiden.com				 Malicious				 This Domains Detected by   10  Solutions
b06e2455a9c7c9485b85e9bdcceb8078			 Malicious	 This Hash Detected by   59  Solutions
4034B53B9860591FD988DA82FF6575F9			 Malicious	 This Hash Detected by   29  Solutions
598c53bfef81e489375f09792e487f1a			 Malicious	 This Hash Detected by   60  Solutions
d0512f2063cbd79fb0f770817cc81ab3			 Malicious	 This Hash Detected by   61  Solutions
3f9a28e8c057e7ea7ccf15a4db81f362			 Malicious	 This Hash Detected by   37  Solutions
a55bc3368a10ca5a92c1c9ecae97ced9			 Malicious	 This Hash Detected by   56  Solutions
ba375d0625001102fc1f2ccb6f582d91			 Malicious	 This Hash Detected by   58  Solutions
72ed32b0e8692c7caa25d61e1828cdb48c4fe361			 Malicious	 This Hash Detected by   56  Solutions
a63304592f422656d7abcb086915f9e799ad4641			 Malicious	 This Hash Detected by   59  Solutions
80a29bd2c349a8588edf42653ed739054f9a10f5			 Malicious	 This Hash Detected by   60  Solutions
e324a2c8fae0d26b12f00ac859340f8d9945a9c1			 Malicious	 This Hash Detected by   61  Solutions
10d6d3c957facf06098771bf409b9593eea58c75			 Malicious	 This Hash Detected by   37  Solutions
